{"initial_reset_timestamp": 1659414171.7797253, "timestamps": [1659414172.899897], "episode_lengths": [71], "episode_rewards": [6.0], "episode_types": ["t"]}